defaultGU,Interaction,Signals,Success rate
10000,2077.72,5656.6,66.38095251000003
20000,2030.56,5420.8,66.17517009000002
30000,2009.44,5315.2,66.39285717999998
40000,2010.4,5320.0,65.92687077000002
50000,2010.46,5320.3,65.75425172000001
60000,2001.42,5275.1,65.96853744999997
70000,1982.08,5178.4,66.70578244000002
80000,1993.12,5233.6,66.15136057999999
90000,2017.32,5354.6,65.03741487000002
100000,2051.84,5527.2,63.569727840000006
